KUALIFIKASI PERUSAHAAN,NAMA VENDOR,STATUS REKANAN,BIDANG USAHA,CQSMS VENDOR,PROVINSI,INDUSTRY KEY,KODE SUBKLASIFIKASI SBU
"PT","KARYA WARANI","Registered","Sub Kontraktor Kecil dan Menengah","","Kalimantan Selatan","","BS010"
"PT","BENTENG PERKASA TEKNIK","Registered","Supplier Menengah","","Riau","","BG002"
"CV","Syailendra Primatama Sejahtera","Registered","Perusahaan Mikro dan Kecil (Supplier dan Non-Konstruksi)","","Riau","","AL004"
"PT","MAHIDARA ARTHA SANGKARA","Unverified","Sub Kontraktor Kecil dan Menengah","","Jawa Barat","ELECTRICAL & CABLE POWER , SUPPLIER ;","BS010"
"CV","PURI GANESHA ENGINEERING","Rekanan Terdaftar","Supplier Menengah,","Supplier : 40 Low Risk (Version 3), Sub Kontraktor : 89 High Risk (Version 3)","Jawa Tengah","ALAT & MATERIAL BANTU PROYEK, SUPPLIER ;","RK001"
"PT","AMYTHAS","Unverified","Sub Kontraktor Kecil dan Menengah","","DKI Jakarta","Tidak diketahui","AL003"
"PT","PT HEXA PRIMA PERKASA","Rekanan Terdaftar","Sub Kontraktor Kecil dan Menengah","Sub Kontraktor : 83 High Risk (Version 3)","DKI Jakarta","ELEKTRIKAL, SUBKON ;","BS002"
"PT","ERTIGA MAJU BERSAMA","Rekanan Terdaftar","Jasa Khusus Menengah dan Besar - Non Konstruksi","","DKI Jakarta","TRAINING / PELATIHAN & SERTIFIKASI","BS004"
"CV","PT Cahaya Teknindo Majumandiri","Unverified","Supplier Menengah","","Jawa Barat","ALAT & MATERIAL BANTU PROYEK, SUPPLIER","IN001"
"PT","PT.DOSROHA INDAH","Unverified","Supplier Menengah","","DKI Jakarta","","BS004"
"PT","PT INFRATEKNO SARANA JAYA","Rekanan Terdaftar","Jasa Khusus Menengah dan Besar - Non Konstruksi","Sub Kontraktor : 44 Low Risk (Version 3)","DKI Jakarta","PEST CONTROL, SUBKON","BS001"
"PT","PRASTIMIARSO","Rekanan Terdaftar","Supplier Besar","Supplier : 39 Low Risk (Version 3)","Kalimantan Timur","ELECTRICAL PANELS ( HV , MV , LV ), SUPPLIER ;","BG009"
"PT","Cipta Graha Kreasitama","Registered","Supplier Menengah","","DKI Jakarta","","BS002"
"PT","BERSAMA BANGUN KARYA","Rekanan Terdaftar","Supplier Menengah","Supplier : 60 Low Risk (Version 1)","Jawa Tengah","BETON READY MIX, SUPPLIER","BG009"
"PT","PT KARSA INDRA SEJAHTERA","Rekanan Terdaftar","Sub Kontraktor Kecil dan Menengah","Sub Kontraktor : 65 Medium Risk (Version 1)","Jawa Barat","KONSTRUKSI JPO, SUBKON","BG001"
"PT","GLORIOUS CASANA","Rekanan Terdaftar","Supplier Besar","Supplier : 57 Medium Risk (Version 3)","DKI Jakarta","PIPA HDPE & VALVE FITTINGS, SUPPLIER ;","BS005"
"CV","SILUGONGGO CIPTA KARYA","Rekanan Terdaftar","Perusahaan Mikro dan Kecil (Supplier dan Non-Konstruksi)","","Banten","","BG006"
"PT","ABDI LESTARI","Rekanan Terdaftar","Sub Kontraktor Kecil dan Menengah","Sub Kontraktor : 78 High Risk (Version 3)","DKI Jakarta","ERECTION GIRDER, SUBKON","BS010"
"PT","ARKONS SATYA KONSULTAN","Calon Rekanan Waskita Approved Level 1","Supplier Menengah","","DKI Jakarta","","RK002"
"PT","TIRTA BUMI NAGA","Rekanan Terdaftar","Supplier Menengah","Supplier : 75 High Risk (Version 3)","DKI Jakarta","PIPA BLACKSTEEL & GALVANIS & VALVE FITTINGS, SUPPLIER ;","BG003"
"PT","TENSINDO KREASI NUSANTARA","Unverified","Supplier Menengah","","Jawa Barat","","BS002"
"PT","SINAR SELATAN BANTEN","Unverified","Sub Kontraktor Kecil dan Menengah","","Jawa Timur","","BG006"
"Firma","ADITYA ENGINEERING CONSULTANT","Rekanan Terdaftar","Jasa Khusus Menengah dan Besar - Non Konstruksi","","DKI Jakarta","KONSULTAN HUKUM","RK002"
"PT","STANDARD PILE","Rekanan Terdaftar","Supplier Menengah","Supplier : 65 High Risk (Version 3)","Jawa Barat","PRECAST SALURAN , KANSTIN , BARRIER & KOLOM PRAKTIS, SUPPLIER","KK001"
"PT","NURSEJATI ANDHIKA","Rekanan Terdaftar","Konsultan Konstruksi","Sub Kontraktor : 94 High Risk (Version 3)","DKI Jakarta","JASA ARSITEKTUR LAINNYA, SUBKON ;","IN004"
"PT","CAHAYA FAJAR UTAMA","Rekanan Terdaftar","Perusahaan Mikro dan Kecil (Supplier dan Non-Konstruksi)","","Jawa Barat","ELECTRICAL PANELS ( HV , MV , LV ), SUPPLIER","BS004"
"PT","KARYA SENTOSA","Rekanan Terdaftar","Sub Kontraktor Kecil dan Menengah,","","DKI Jakarta","PENYEDIA JASA K3 / SAFETY, SUBKON","BS001"
"PT","VSL JAYA INDONESIA","Rekanan Terseleksi Waskita","Supplier Besar","Supplier : 70 High Risk (Version 3)","DKI Jakarta","KAWAT BRONJONG / GABION, SUPPLIER","KK013"
"PT","TIGA SEKAWAN SERASI","Unverified","Sub Kontraktor","","DKI Jakarta","","BG004"
"PT","INDOTAMA SAKTI SEJAHTERA","Registered","Perusahaan Mikro dan Kecil (Supplier dan Non-Konstruksi)","","Jawa Barat","","BG002"
"PT","INDAH MEGAH DESAIN","Registered","Supplier Menengah,","","Jawa Barat","","BG009"
"CV","FASIH PASER BERJAYA","Unverified","Sub Kontraktor Kecil dan Menengah","","Lampung","ASPHALT, SUPPLIER","BS001"
"PT","DUTA BUANA PERMATA","Rekanan Terdaftar","Sub Kontraktor Kecil dan Menengah","Sub Kontraktor : 56 Low Risk (Version 1)","Sumatera Selatan","","BG009"
"PT","FARAMA MITRA MANDIRI","Calon Rekanan Waskita Approved Level 1","Sub Kontraktor Besar","","Banten","","BG009"
"CV","MEKAR SARI","Registered","Jasa Khusus Menengah dan Besar - Non Konstruksi","","DKI Jakarta","","KK001"
"PT","GENTA MULTI JAYYA","Unverified","Supplier","","Sumatera Barat West","","BG003"
"PT","Panata Bayu Nugraha","Registered","Sub Kontraktor Kecil dan Menengah","","Banten","","IN008"
"CV","KARYA PRIMA PONDASI","Registered","Konsultan Konstruksi","","Jawa Timur","","KK001"
"PT","SUKSES MANDIRI BERKAH","Unverified","Supplier Besar","","Jawa Timur","","BS001"
"CV","SEJAHTERA UTAMA","Unverified","Jasa Khusus Menengah dan Besar - Non Konstruksi","","Sumatera Selatan","","BS001"
"PT","Beton Perkasa Wijaksana","Registered","Sub Kontraktor Kecil dan Menengah","","Jawa Tengah","ELEKTRIKAL, SUBKON","PL008"
"PT","TIGA DIMENSI KARYA KONSTRUKSI","Registered","Sewa Alat","","Nusa Tenggara Timur","","BG005"
"PT","MULTI INDOTECH","Rekanan Terdaftar","Supplier Menengah","Supplier : 55 Medium Risk (Version 3)","DKI Jakarta","BORROW MATERIAL, SUPPLIER","IN001"
"CV","HABE RASIMAN JAYA","Calon Rekanan Waskita","Perusahaan Mikro dan Kecil (Supplier dan Non-Konstruksi)","Supplier : 70 High Risk (Version 3)","Jawa Tengah","GRATING , DECK DRAIN & CAST IRON, SUPPLIER","BS004"
"PT","BUMI LARAS KARYA","Rekanan Terdaftar","Supplier Besar","Supplier : 87 High Risk (Version 3)","Sumatera Utara","BESI BETON, SUPPLIER","BG009"
"CV","BARATA INDONESIA (Persero)","Unverified","Supplier","","Sumatera Selatan","","KK016"
"PT","PT WSP ENGINEERING","Unverified","Jasa Khusus Menengah dan Besar - Non Konstruksi","","DKI Jakarta","ASURANSI","RK003"
"PT","CV DCN ABADI SENTOSA","Unverified","Sub Kontraktor Kecil dan Menengah","","Banten","GENSET / GENERATOR SET, SUPPLIER","BS001"
"PT","GRIYA FORTUNA BUUN","Rekanan Terdaftar","Sub Kontraktor Kecil dan Menengah","Sub Kontraktor : 66 High Risk (Version 3)","DKI Jakarta","ASPAL & HOTMIX, SUBKON","PL004"
"PT","PT COKRO PONDASI","Unverified","Sewa Alat","","DKI Jakarta","SEWA KENDARAAN","KK001"
"PT","Gaharu Global Perkasa","Rekanan Terseleksi Waskita","Sub Kontraktor Kecil dan Menengah","Supplier : 55 Low Risk (Version 1), Sub Kontraktor : 55 Low Risk (Version 1)","Banten","ASPAL & HOTMIX, SUBKON ;","BG006"
"PT","DEMAK INDAH","Unverified","Supplier Besar,","","DKI Jakarta","ALAT & MATERIAL BANTU PROYEK, SUPPLIER ;","BS001"
"PT","Alba Unggul Metal","Calon Rekanan Waskita Approved Level 1","Supplier Menengah,","","Jawa Barat","ACP / ALUMINIUM COMPOSITE PANEL, SUBKON ;","BG009"
"PT","KIARA SENTOSA KUNINGAN","Rekanan Terdaftar","Supplier Menengah","Supplier : 65 High Risk (Version 3)","DKI Jakarta","GENSET / GENERATOR SET, SUPPLIER","BS004"
"PT","PILAR UTAMA","Registered","Supplier Besar","","DKI Jakarta","","KK001"
"PT","ENVITECH PERKASA","Registered","Sub Kontraktor Kecil dan Menengah","","Banten","","IN007"
"CV","PROGRESMAX","Registered","Sub Kontraktor Kecil dan Menengah","","Nusa Tenggara Timur","","BS004"
"PT","ANGKASA SARANA JAYA","Unverified","Perusahaan Mikro dan Kecil (Supplier dan Non-Konstruksi)","","Sumatera Selatan","","BG009"
"PT","KMU KONSTRUKSI INDONESIA","Rekanan Terdaftar","Sub Kontraktor Kecil dan Menengah","Sub Kontraktor : 89 High Risk (Version 3)","DKI Jakarta","JASA DESAIN REKAYASA KONSTRUKSI PONDASI & STRUKTUR BANGUNAN, SUBKON ;","BS020"
"PT","RODAMAS INTI TEKNIKA","Unverified","Jasa Khusus Menengah dan Besar - Non Konstruksi","","Banten","TEKNOLOGI INFORMASI / IT","IN008"
"PT","CATUR PUTRA MANUNGGAL","Unverified","Sub Kontraktor","","Jawa Timur","","PL004"
"PT","BIMANTARA UTAMA","Registered","Supplier Besar","","DKI Jakarta","","BG005"
"PT","CAHAYA INDRA LAKSANA","Rekanan Terdaftar","Supplier Menengah,","Sub Kontraktor : 46 Medium Risk (Version 2), Supplier : 55 Low Risk (Version 1)","Jawa Barat","GALIAN & TIMBUNAN, SUBKON","PL004"
"PT","RED JAYA UTAMA","Registered","Sub Kontraktor Kecil dan Menengah","","","","BS004"
"PT","BOAS PRATAMA","Rekanan Terdaftar","Supplier","Supplier : 70 Medium Risk (Version 1)","DKI Jakarta","","BS004"
"PT","CV ANDA KARYA","Rekanan Terdaftar","Supplier Besar","Supplier : 32 Low Risk (Version 3), Sub Kontraktor : 31 Low Risk (Version 3)","DKI Jakarta","ELECTRICAL & CABLE POWER , SUPPLIER","BG009"
"PT","ARAFAH II","Rekanan Terdaftar","Supplier Besar","Supplier : 55 Medium Risk (Version 3)","DKI Jakarta","BETON READY MIX, SUPPLIER","BS002"
"PT","RUBIKON","Rekanan Terdaftar","Supplier Menengah,","Sewa Alat : 38 Low Risk (Version 3), Supplier : 45 Low Risk (Version 3)","Nusa Tenggara Timur","ALAT & MATERIAL BANTU PROYEK, SUPPLIER ;","IT002"
"PT","CIPTA GRAHA ABADI","Unverified","Sub Kontraktor Kecil dan Menengah","","Jawa Timur","","BS001"
"PT","Elshaddai Exterior Inovasi","Registered","Supplier Besar","","DKI Jakarta","","PB001"
"CV","BANDAR INDAH PERMATA","Rekanan Terseleksi Waskita","Sub Kontraktor Kecil dan Menengah","Sub Kontraktor : 60 Low Risk (Version 1)","Sumatera Barat West","FURNITURE, SUBKON","BS002"
"PT","Hsing Loong Indonesia","Calon Rekanan Waskita Approved Level 1","Sub Kontraktor Kecil dan Menengah","Sub Kontraktor : 84 High Risk (Version 3)","DKI Jakarta","ACP / ALUMINIUM COMPOSITE PANEL, SUBKON ;","BS011"
"PT","PANCANG SAKTI CITRA PERKASA","Verifikasi Perbaikan Data","Jasa Khusus Menengah dan Besar - Non Konstruksi","","DKI Jakarta","TEKNOLOGI INFORMASI / IT","BS002"
"PT","CITRA ANGKASA PERSADA","Rekanan Terseleksi Waskita","Jasa Khusus Menengah dan Besar - Non Konstruksi","","DKI Jakarta","KONSULTAN MANAJEMEN & BISNIS","BS002"
"PT","SUMBER TEGUH CIPTA","Calon Rekanan Waskita Approved Level 1","Supplier Besar","Supplier : 65 High Risk (Version 3)","Jawa Timur","BBM / BAHAN BAKAR MINYAK, SUPPLIER","PL003"
"PT","Indodaya Naratama Abadi","Registered","","","DI Aceh","","BG009"
"PT","NURTRIJAYA","Unverified","Sewa Alat","","Jawa Timur","","BS001"
"PT","SHAVARD ANDALAN GLOBAL","Unverified","Supplier","","DKI Jakarta","","BG009"
"PT","CV. HURIP JAYA ARTHA","Unverified","Sub Kontraktor Kecil dan Menengah","","Jawa Barat","BORED PILE & SOLDIER PILE, SUBKON","BG009"
"PT","NUSA MITRA LESTARI SUKSES","Unverified","Sewa Alat","","DKI Jakarta","CONCRETE PUMP, SEWA","BS004"
"PT","Artha Geo Integritas","Unverified","Supplier","","Jawa Timur","","BS006"
"PT","PESONA TAMANINDO","Registered","Sub Kontraktor Besar","","Jawa Barat","","PB010"
"CV","CAHAYA ABADI","Registered","Perusahaan Mikro dan Kecil (Supplier dan Non-Konstruksi)","","Sulawesi Tengah","AGREGAT & BATU PECAH / BELAH, SUPPLIER ;","BG001"
"PT","SUKSES JAYA MANDIRI PERKASA","Registered","Sub Kontraktor Kecil dan Menengah","","Banten","","BS007"
"PT","PIJAR CEMERLANG KONSTRUKSI","Unverified","Jasa Khusus Menengah dan Besar - Non Konstruksi","","Riau","UNKNOWN-DATA INCOMPLETE","BG003"
"PT","DASA MULTI KREASI","Rekanan Terdaftar","Sub Kontraktor Besar","Sub Kontraktor : 61 High Risk (Version 3)","DKI Jakarta","GEOMEMBRANE , GEOTEXTILE , PVD & PHD, MANDOR ;","PB010"
"PT","CARAKA REKA KARSA","Unverified","Supplier","","Jawa Barat","","BG002"
"PT","WIJAYA KARYA PRACETAK GEDUNG","Rekanan Terdaftar","Sub Kontraktor Besar","Sub Kontraktor : 83 High Risk (Version 1)","DKI Jakarta","ELEVATOR , ESCALATOR & TRAVELATOR, SUPPLIER ;","IN001"
"PT","DUTA KARYA TEKNIK PERDANA","Rekanan Terseleksi Waskita","Sub Kontraktor Besar","Sub Kontraktor : 83 High Risk (Version 3)","DKI Jakarta","CLEARING & GRUBBING, SUBKON ;","BS007"
"PT","GRAHA UTAMA","Rekanan Terdaftar","Supplier Menengah","Supplier : 95 High Risk (Version 3)","DKI Jakarta","BBM / BAHAN BAKAR MINYAK, SUPPLIER","BS004"
"PT","Hayana Solindo Utama","Unverified","Sub Kontraktor Kecil dan Menengah","","DKI Jakarta","ALAT & MATERIAL BANTU PROYEK, SUPPLIER ;","BG002"
"CV","AGUNG LAKSANA INDONESIA","Calon Rekanan Waskita Approved Level 1","Sub Kontraktor Kecil dan Menengah","","Jawa Timur","LANDSCAPE, MANDOR ;","BS004"
"CV","MAHKOTA PILAR ABADI","Registered","Supplier Menengah","","Jawa Tengah","","BS002"
"CV","GODAM SOLUSI INDONESIA","Unverified","Supplier Menengah","","Sumatera Selatan","PAVING BLOCK, SUPPLIER ;","BS010"
"PT","MITRA TUJUH PRAKASA","Rekanan Terdaftar","Sub Kontraktor Besar","Sub Kontraktor : 59 Low Risk (Version 1)","DKI Jakarta","BORED PILE & SOLDIER PILE, SUBKON","BS001"
"PT","Intisar Soluzindo","Registered","Jasa Khusus Menengah dan Besar - Non Konstruksi","","DKI Jakarta","","IN006"
"PT","MARJAN TUGU PUTRA","Rekanan Terdaftar","Sub Kontraktor Kecil dan Menengah","Sub Kontraktor : 54 Low Risk (Version 1)","DKI Jakarta","","BG003"
"PT","RAS OTOMASI INDONESIA","Rekanan Terdaftar","Sub Kontraktor Kecil dan Menengah","Sub Kontraktor : 41 Low Risk (Version 3)","DKI Jakarta","JASA DESAIN REKAYASA KONSTRUKSI PONDASI & STRUKTUR BANGUNAN, SUBKON ;","IN002"
"PT","Lapi Ganesha Utama","Registered","Sub Kontraktor Kecil dan Menengah","","DKI Jakarta","","AR002"
"PT","Zysco Internasional","Rekanan Terseleksi Waskita","Jasa Khusus Menengah dan Besar - Non Konstruksi","Sewa Alat : 55 Low Risk (Version 1)","Jawa Timur","TRUCK TRAILER & TRAILER LOWBOY / TRAILER LOWBED, SEWA","BG009"
"PT","Manasya Anugerah Sejahtera","Registered","Sub Kontraktor Kecil dan Menengah","","DKI Jakarta","","BS001"
"PT","TEGUH PUTRA SEJAHTERA","Rekanan Terdaftar","Sub Kontraktor Besar","Sub Kontraktor : 51 Low Risk (Version 1)","Riau","","BS002"
"PT","TAKALLUF ANDALAN PRATAMA","Unverified","Perusahaan Mikro dan Kecil (Supplier dan Non-Konstruksi)","","Jawa Tengah","ALUMINIUM, SUBKON ;","BG009"
"PT","Guriko Abadi Sejahtera","Unverified","Supplier Menengah","","Sumatera Utara","","BS001"
"PT","SAWARNA PRATAMA JAYA","Unverified","Sub Kontraktor","","DI Aceh","","BG009"
"PT","LEN REKAPRIMA SEMESTA","Rekanan Terdaftar","Sub Kontraktor Kecil dan Menengah","Sub Kontraktor : 51 Medium Risk (Version 2)","Jawa Barat","GALIAN & TIMBUNAN, SUBKON","BS003"
"PT","PT ALPHA OMEGA NUSANTARA","Rekanan Terdaftar","Perusahaan Mikro dan Kecil (Supplier dan Non-Konstruksi)","Supplier : 70 High Risk (Version 3)","DKI Jakarta","BBM / BAHAN BAKAR MINYAK, SUPPLIER","IN007"
"PT","Kinasih Konsultama","Unverified","Konsultan Konstruksi","","DKI Jakarta","","BG009"
"PT","SUMAPUTRA BANGUN ABADI","Unverified","Sub Kontraktor Kecil dan Menengah","","Jawa Timur","","BG009"
"CV","FAJIA MANDIRI","Rekanan Terdaftar","Sewa Alat","Sewa Alat : 49 Medium Risk (Version 3)","DI Aceh","BULLDOZER / DOZER, SEWA ;","BG009"
"CV","ANDEMA MAKMUR SEJAHTERA","Rekanan Terdaftar","Supplier Menengah","Supplier : 60 Low Risk (Version 1)","Jawa Tengah","ALAT & MATERIAL BANTU PROYEK, SUPPLIER","BG003"
"CV","CITY-AD EXPO INDONESIA","Rekanan Terdaftar","Supplier Besar,","Sewa Alat : 57 Medium Risk (Version 2)","DKI Jakarta","ALAT & MATERIAL BANTU PROYEK, SUPPLIER ;","BG002"
"PT","BAWOGANOWO MAJU JAYA","Rekanan Terseleksi Waskita","Supplier Menengah","Supplier : 65 Medium Risk (Version 1)","Jawa Barat","BEKISTING AKSESORIS / KOMPONEN, SUPPLIER","BS004"
"PT","BASUNDA BANGUN JAYAMAKMUR","Rekanan Terdaftar","Supplier Besar","Supplier : 55 Low Risk (Version 1)","DKI Jakarta","POMPA AIR BERSIH & AIR KOTOR, SUPPLIER","BS001"
"PT","PETRA PENIDA ENERGI INDONESIA","Registered","Sub Kontraktor Kecil dan Menengah","","Jawa Barat","ELECTRICAL & CABLE POWER , SUPPLIER ;","RT001"
"PT","ONI UTAMA SUKSES","Waiting List Dokumen","Jasa Khusus Menengah dan Besar - Non Konstruksi","","DKI Jakarta","TIKET, TOUR & TRAVEL","IN001"
"PT","Cahaya Indo Prima","Rekanan Terdaftar","Perusahaan Mikro dan Kecil (Supplier dan Non-Konstruksi)","Supplier : 45 Low Risk (Version 3)","Banten","PERALATAN PENGUKURAN & ALAT BANTU SURVEY, SUPPLIER","BS009"
"PT","MAGDATAMA KARYA USAHA","Unverified","Supplier Besar","","Jawa Timur","CATERING","BS002"
"PT","TEKNINDO","Rekanan Terdaftar","Supplier Besar","Supplier : 90 High Risk (Version 3)","DKI Jakarta","FURNITURE, SUPPLIER","BG009"
"PT","ANGDIYO TRISATRIA KARYA","Unverified","Sub Kontraktor Kecil dan Menengah","","Sulawesi Selatan","","ST003"
"PT","MEKAR JAYA","Unverified","Sub Kontraktor Kecil dan Menengah","Sub Kontraktor : 68 High Risk (Version 3)","DKI Jakarta","GALIAN & TIMBUNAN, SUBKON","BS001"
"PT","GEORAMA KARYA INDONESIA","Unverified","Supplier Besar,","","Jawa Barat","","IT003"
"PT","MEGA SELARAS UTAMA","Unverified","Supplier Besar","","Banten","ELECTRICAL & CABLE POWER , SUPPLIER ;","BG004"
"CV","JATIKAWI GROUP","Rekanan Terdaftar","Perusahaan Mikro dan Kecil (Supplier dan Non-Konstruksi),","Sewa Alat : 66 High Risk (Version 3)","DKI Jakarta","SEWA KENDARAAN","PL003"
"PT","HIDAYAT","Rekanan Terdaftar","Supplier Besar","Supplier : 75 High Risk (Version 3)","DKI Jakarta","KAYU, SUPPLIER ;","BS001"
"PT","CIPTA SURAMADU CONSULTANT","Rekanan Terdaftar","Jasa Khusus Menengah dan Besar - Non Konstruksi","","Jawa Barat","TEKNOLOGI INFORMASI / IT","RK002"
"CV","GRAHA KENCANA PERKASA","Registered","","","DI Aceh","","BG001"
"PT","WKI KBK KSO","Unverified","Sub Kontraktor Kecil dan Menengah","","Jawa Timur","ELECTRICAL & CABLE POWER , SUPPLIER ;","BG001"
"PT","PALEPI GLOBALINDO GROUP","Unverified","Supplier Menengah","","DKI Jakarta","ALAT & MATERIAL BANTU PROYEK, SUPPLIER","BG009"
"PT","ERNIJUTA AGUNG","Registered","Sub Kontraktor Kecil dan Menengah","","DKI Jakarta","","PL004"
"CV","PT PENYELIDIKAN GEOTEKNIK INDONESIA","Unverified","Supplier","","Sumatera Selatan","","AT002"
"PT","GEMA KARYA ABADI","Unverified","Supplier","","","","BG009"
"PT","GEOTEKNIK UTAMA KONSTRUKSI","Rekanan Terdaftar","Sub Kontraktor","Sub Kontraktor : 52 Low Risk (Version 1)","Jawa Barat","","BG009"
"PT","SUCOFINDO","Rekanan Terseleksi Waskita","Supplier Besar,","Sub Kontraktor : 100 High Risk (Version 3), Supplier : 100 High Risk (Version 3)","DKI Jakarta","ELEKTRIKAL, SUBKON ;","RK001"
"CV","Alwindo Nusantara","Unverified","Supplier Menengah","Supplier : 53 Low Risk (Version 1)","Kalimantan Timur","CONCRETE GROUTING, SUPPLIER","PB001"
"CV","INTI KARYA JAYA PERKASA","Unverified","Supplier Menengah","","Sulawesi Selatan","ALAT & MATERIAL BANTU PROYEK, SUPPLIER","BS001"
"PT","INDOKASWA MITRATAMA PERKASA","Calon Rekanan Waskita Approved Level 1","Supplier Menengah","","Banten","","BS002"
"CV","LEMOTATA GRAHAMAS","Unverified","Sewa Alat","","Kalimantan Timur","ALAT & MATERIAL BANTU PROYEK, SUPPLIER","IN003"
"PT","DAYA CIPTA UTAMA PUSAKA","Registered","Jasa Khusus Menengah dan Besar - Non Konstruksi","","DKI Jakarta","","BS001"
"PT","MULTI KREASI SIGN","Unverified","Supplier","","DKI Jakarta","","BG009"
"CV","RODAMAS INTI TEKNIKA","Unverified","Supplier","","Jawa Tengah","","IN008"
"PT","NAGA SURYA INDAH","Rekanan Terdaftar","Sub Kontraktor Besar","Sub Kontraktor : 102 (Version 3)","DKI Jakarta","BEARING PAD, SUBKON ;","PL003"
"CV","Surya Mandiri Perkasa","Waiting List Dokumen","Perusahaan Mikro dan Kecil (Supplier dan Non-Konstruksi)","","Sumatera Utara","ALAT & MATERIAL BANTU PROYEK, SUPPLIER","KK001"
"PT","PADU KARYA JAYA NUSA","Unverified","Supplier Menengah","","Jawa Timur","AIR CONDITIONING / AC & FAN, SUPPLIER ;","PL004"
"PT","ANUGERAH TIRTA INDONESIA","Unverified","Sub Kontraktor","Sub Kontraktor : 72 Medium Risk (Version 1)","DKI Jakarta","","BS005"
"PT","Atap Perkasa","Rekanan Terdaftar","Supplier Besar","Supplier : 30 (Version 3)","Jawa Timur","ACP / ALUMINIUM COMPOSITE PANEL, SUPPLIER ;","BG001"
"PT","INDOCAST FRANSASIA SEJAHTERA","Rekanan Terdaftar","Perusahaan Mikro dan Kecil (Supplier dan Non-Konstruksi)","","Sumatera Utara","ALAT & MATERIAL BANTU PROYEK, SUPPLIER","IN004"
"PT","MULTI BANGUN INDONESIA","Registered","Sub Kontraktor","","DKI Jakarta","","BS001"
"PT","SARANA BANGUN INDAH","Rekanan Terseleksi Waskita","Supplier Menengah","Supplier : 95 High Risk (Version 3)","Balikesir","BBM / BAHAN BAKAR MINYAK, SUPPLIER","BS001"
"PT","TRIA BHUMI PRAWARA","Unverified","Sub Kontraktor Besar","","DKI Jakarta","","BS002"
"CV","YULIANA INTI PERSADA","Rekanan Terdaftar","Supplier Menengah,","Sewa Alat : 38 Low Risk (Version 3), Supplier : 55 Low Risk (Version 1)","Jawa Tengah","ALAT & MATERIAL BANTU PROYEK, SUPPLIER ;","BS002"
"PT","DUTA HITA JAYA","Calon Rekanan Waskita Approved Level 1","Supplier Menengah","","Lampung","","IN011"
"PT","SPEKTRUM KRISINDO ELEKTRIKA","Unverified","Supplier","","Banten","","BS007"
"CV","ANEKA REKAKOMINDO KENCANA","Unverified","Sub Kontraktor Kecil dan Menengah","","Papua","","BS001"
"PT","TRIGATRA SISTEM INTEGRASI","Registered","Sub Kontraktor Besar","","Sumatera Utara","CIVIL CHEMICAL, SUPPLIER","IN006"
"PT","ALAM LOKA BERSAMA","Calon Rekanan Waskita Approved Level 1","Sub Kontraktor Besar","","Papua Barat","INFRASTUCTURE SUB STRUCTURE, SUBKON ;","KK001"
"PT","PT THE FAR EAST","Calon Rekanan Waskita Approved Level 1","Supplier Menengah","","Sulawesi Tengah","AGREGAT & BATU PECAH / BELAH, SUPPLIER","BG003"
"PT","Pyramida Raya Persada","Unverified","Supplier Besar","","Jawa Tengah","ELECTRICAL CONTROL INSTRUMENT EPC, SUPPLIER ;","BS001"
"PT","KARYA PUTRA YUDHA","Waiting List Dokumen","Konsultan Konstruksi","","Jawa Barat","JASA KONSULTANSI JASA REKAYASA KONSTRUKSI, SUBKON","BG005"
"PT","PANCA KARYA WIJAYA","Unverified","Sub Kontraktor","","DKI Jakarta","","BS007"
"PT","RIZKI KURNIA","Calon Rekanan Waskita Approved Level 1","Sub Kontraktor Kecil dan Menengah","","Lampung","","BG009"
"PT","NUGRAH KARYA MULTININDO","Rekanan Terseleksi Waskita","Sub Kontraktor Kecil dan Menengah","Supplier : 33 Low Risk (Version 2)","DKI Jakarta","BORED PILE & SOLDIER PILE, SUBKON ;","BS010"
"PT","MITRA SUPER STRUKTUR","Registered","Sub Kontraktor Kecil dan Menengah","","Sulawesi Tengah","","BS002"
"PT","RESTU BUMI ADIYAKSA","Unverified","Supplier Besar","","DKI Jakarta","","BG003"
"PT","MARANTI TRENCHLESINDO ABADI","Registered","Supplier Menengah","","Jawa Barat","","BG001"
"CV","PLASTIKATAMA TEKNOLOGI INDUSTRI","Rekanan Terdaftar","Perusahaan Mikro dan Kecil (Supplier dan Non-Konstruksi)","","Riau","SEWA KENDARAAN","IN001"
"PT","DELTA SYSTECH INDONESIA","Unverified","Supplier","","DKI Jakarta","","BS002"
"PT","GORIP NANDA GUNA","Rekanan Terdaftar","Jasa Khusus Menengah dan Besar - Non Konstruksi","","DKI Jakarta","EKSPEDISI / ANGKUTAN LAUT & SUNGAI, SUBKON","BS001"
"PT","GALVA TECHNOLOGIES Tbk","Rekanan Terdaftar","Sewa Alat","Sewa Alat : 63 Medium Risk (Version 1)","DKI Jakarta","","IN006"
"PT","SHAF SAVARLI BERSAUDARA","Rekanan Terseleksi Waskita","Sub Kontraktor Kecil dan Menengah","Sub Kontraktor : 52 Low Risk (Version 1)","DKI Jakarta","SOIL IMPROVEMENT, SUBKON","BS004"
"PT","SINGGALANG CENTRALPERSADA","Registered","Supplier Menengah","","Sumatera Selatan","","BG001"
"CV","Batara Surya Semesta","Calon Rekanan Waskita Approved Level 1","Supplier Menengah","","Nusa Tenggara Timur","BBM / BAHAN BAKAR MINYAK, SUPPLIER","KK011"
"PT","WASKITA KARYA INFRASTRUKTUR","Unverified","Supplier Menengah","","DKI Jakarta","","BS002"
"PT","MAKMUR TOTAL SEJAHTERA","Rekanan Terdaftar","Supplier","Supplier : 75 Medium Risk (Version 1)","Jawa Timur","PRECAST SALURAN , KANSTIN , BARRIER & KOLOM PRAKTIS, SUPPLIER","PL003"
"CV","Surveyor Indonesia","Calon Rekanan Waskita Approved Level 1","Supplier Menengah","","Sulawesi Selatan","","RK001"
"CV","Selaras lawang Sewu","Calon Rekanan Waskita Approved Level 1","Sub Kontraktor Kecil dan Menengah,","","Jawa Barat","BATU BRONJONG / GABION, SUPPLIER ;","BG002"
"PT","BANGUN SARANA BAJA","Unverified","Sub Kontraktor Kecil dan Menengah","","DI Aceh","ALAT & MATERIAL BANTU PROYEK, SUPPLIER","BG003"
"PT","ADITYA KARYA SENTOSA","Unverified","Sub Kontraktor","","Sumatera Utara","","BS002"
"PT","Beton Elemenindo Perkasa","Registered","Supplier Menengah","","DKI Jakarta","","KK001"
"PT","CV. KARYA PERSADA","Registered","Konsultan Konstruksi","","Sumatera Utara","","BG002"
"CV","SEKAWAN BAYU PERKASA","Rekanan Terdaftar","Sewa Alat","Sewa Alat : 98 High Risk (Version 3)","DKI Jakarta","EXCAVATOR & EXCAVATOR LONG ARM, SEWA","PL004"
"CV","PADIMAS GRAHA SEJAHTERA","Unverified","Sub Kontraktor","","Jawa Tengah","","BG009"
"PT","TIRTA MARTA WIRATAMA","Registered","Supplier Menengah,","","Jawa Barat","","IN008"
"PT","JAYA ABADI TEKNIK","Rekanan Terseleksi Waskita","Sewa Alat","Sewa Alat : 48 Medium Risk (Version 3)","DKI Jakarta","CRAWLER CRANE, SEWA ;","BS001"
"CV","LUBANA ALFATH SENTOSA","Rekanan Terdaftar","Supplier Menengah","Supplier : 70 Medium Risk (Version 1)","Sumatera Selatan","ALAT & MATERIAL BANTU PROYEK, SUPPLIER","BG002"
"CV","LITERRA LOKA TRIJAYA","Rekanan Terdaftar","Supplier Menengah","Supplier : 59 Medium Risk (Version 3)","Jawa Tengah","AGREGAT & BATU PECAH / BELAH, SUPPLIER ;","PL003"
"CV","Dwi Jaya Niaga","Registered","","","DI Aceh","","PL003"
"PT","BELLA JAYA LESTARI","Rekanan Terdaftar","Supplier Menengah","Supplier : 45 Low Risk (Version 3)","DKI Jakarta","POMPA AIR BERSIH & AIR KOTOR, SUPPLIER ;","BG009"
"PT","FARMEL CIPTA MANDIRI","Registered","Supplier Menengah","","Jawa Barat","","BS005"
"CV","VARIA USAHA BETON","Unverified","Supplier Menengah","","Sulawesi Selatan","","KK012"
"CV","BERKAH JAYA GLOBALINDO","Rekanan Terdaftar","Supplier Menengah,","Sub Kontraktor : 62 High Risk (Version 3)","Jawa Tengah","ALAT & MATERIAL BANTU PROYEK, SUPPLIER ;","BS004"
"CV","INDO SINERGI KONSTRUKSI","Rekanan Terdaftar","Perusahaan Mikro dan Kecil (Supplier dan Non-Konstruksi)","","Nusa Tenggara Timur","","BG001"
"PT","BINTANG SELATAN AGUNG","Unverified","Supplier","","DKI Jakarta","","BS001"
"PT","CV. TRIZ KREASINDO","Registered","","","Ilirska Bistrica","","BS004"
"PT","KALIRANDOE JAYA ABADI","Unverified","Supplier Menengah","","DKI Jakarta","CARPET, SUBKON","BS001"
"PT","MATRA BANGUN TECHNOCONSULT","Rekanan Terdaftar","Supplier Menengah","Supplier : 95 High Risk (Version 3)","DKI Jakarta","BETON READY MIX, SUPPLIER","RK001"
"PT","SAVIN SUKSES SEJAHTERA","Registered","Perusahaan Mikro dan Kecil (Supplier dan Non-Konstruksi)","","Jawa Barat","","BS004"
"PT","GEOFORCE INDONESIA","Unverified","Supplier Besar","","DKI Jakarta","","PL003"
"CV","KADI INTERNATIONAL","Unverified","Sub Kontraktor Kecil dan Menengah","Sub Kontraktor : 89 High Risk (Version 3)","DKI Jakarta","KONSTRUKSI BAJA BUILDING, SUBKON","BS001"
"PT","GAPURA ALAM PERSADA","Registered","Supplier Menengah,","","DKI Jakarta","AIR CONDITIONING / AC & FAN, SUPPLIER ;","BS004"
"PT","WASKITA BETON PRECAST TBK","Unverified","Sub Kontraktor Kecil dan Menengah","","DKI Jakarta","","KP001"
"PT","NIKKEN KARYA PERANCAH","Rekanan Terdaftar","Supplier Menengah,","Sewa Alat : 68 High Risk (Version 3), Supplier : 50 Medium Risk (Version 3)","DKI Jakarta","AGREGAT & BATU PECAH / BELAH, SUPPLIER ;","BS002"
"PT","BUMI INTI GEMILANG","Unverified","Jasa Khusus Menengah dan Besar - Non Konstruksi","","DKI Jakarta","SEWA GUDANG ;","BS001"
"PT","INDONESIA PONDASI RAYA TBK","Registered","Konsultan Konstruksi","","DKI Jakarta","","KK001"
"Persekutuan Perdata Lainnya","Prisma Sarana Jaya Utama","Unverified","Jasa Khusus Menengah dan Besar - Non Konstruksi","","DKI Jakarta","","KK001"
"PT","WPMAZ KARYA","Unverified","Sub Kontraktor Kecil dan Menengah","","Banten","BEKISTING / FORMWORK INFRASTRUCTURE, SUBKON","BS001"
"PT","SADA DAYA INTERNASIONAL","Rekanan Terseleksi Waskita","Jasa Khusus Menengah dan Besar - Non Konstruksi","","DI Yogyakarta","","BG002"
"PT","MASTER FONDASI INDONESIA","Rekanan Terdaftar","Sub Kontraktor Besar,","","Jawa Barat","JASA KONSULTANSI JASA REKAYASA KONSTRUKSI, SUBKON","BS017"
"CV","KARYA PRIMA PONDASI","Rekanan Terseleksi Waskita","Sub Kontraktor Kecil dan Menengah","Sub Kontraktor : 70 High Risk (Version 3)","DKI Jakarta","PAGAR SEMENTARA, SUBKON","KK001"
"PT","Hayana Solindo Utama","Unverified","Sub Kontraktor","","DKI Jakarta","","BG002"
"PT","BHUMI BHAKTI SUKSES PERSADA","Rekanan Terdaftar","Sub Kontraktor Besar","Sub Kontraktor : 45 Low Risk (Version 2)","Kalimantan Utara","GALIAN & TIMBUNAN, SUBKON","PL004"
"CV","Bangun Karyatama Mandiri","Registered","Supplier","","Riau","","BS001"
"CV","ARTHAMAS GRAHAANDALAN","Unverified","Supplier","","Jawa Tengah","","KK016"
"PT","PURWA JAYA","Rekanan Terdaftar","Supplier Besar","Supplier : 50 Medium Risk (Version 3)","DKI Jakarta","BBM / BAHAN BAKAR MINYAK, SUPPLIER","BG001"
"CV","CHELIN BERKAH MURNI","Rekanan Terdaftar","Sewa Alat","Sewa Alat : 40 Low Risk (Version 2)","Jawa Timur","SCAFFOLDING / PERANCAH & ACCESSORIES, SEWA","BG002"
"PT","DUA PUTRA JAYA","Calon Rekanan Waskita Approved Level 1","Supplier Menengah","","Kalimantan Timur","SEMEN, SUPPLIER","BG006"
"PT","PADU KARYA JAYA NUSA","Registered","Supplier Besar,","","Bali","","PL004"
"PT","Bayu Maju Jaya","Rekanan Terseleksi Waskita","Sewa Alat","Sewa Alat : 72 High Risk (Version 3), Supplier : 63 High Risk (Version 2)","Sulawesi Selatan","EXCAVATOR & EXCAVATOR LONG ARM, SEWA","BG009"
"PT","CV.CERIA","Unverified","Jasa Khusus Menengah dan Besar - Non Konstruksi","","DKI Jakarta","","BG005"
"CV","DUNGO REKSA","Unverified","Supplier","","Jawa Tengah","","BG009"
"PT","GLOBAL TEKNIK SEMESTA","Registered","Supplier Menengah","","DKI Jakarta","","BG002"
"PT","CV ALASTAIR","Unverified","Perusahaan Mikro dan Kecil (Supplier dan Non-Konstruksi)","Sewa Alat : 59 Medium Risk (Version 3)","DKI Jakarta","EKSPEDISI / ANGKUTAN DARAT, SUBKON","BG009"
"PT","MEKAR JAYA PERSADA","Rekanan Terdaftar","Sub Kontraktor Kecil dan Menengah","Sub Kontraktor : 54 Low Risk (Version 1)","DKI Jakarta","GALIAN & TIMBUNAN, SUBKON","BG009"
"PT","ASRI KARYA LESTARI TBK","Registered","Sub Kontraktor Kecil dan Menengah","","Kalimantan Timur","","BG005"
"PT","ANUGERAH WIJAYATRISNA","Rekanan Terdaftar","Sewa Alat","Sewa Alat : 39 Low Risk (Version 3)","DKI Jakarta","DUMP TRUCK, SEWA","KK001"
"CV","CENDANA JAYA MANDIRI","Registered","Perusahaan Mikro dan Kecil (Supplier dan Non-Konstruksi)","","Jawa Timur","ELECTRICAL & CABLE POWER , SUPPLIER ;","BG005"
"PT","Anugerah Solusi Tekindo","Rekanan Terdaftar","Sewa Alat,","","DKI Jakarta","EKSPEDISI / ANGKUTAN DARAT, SUBKON","IN006"
"PT","Menara Bangun Sinergi","Waiting List Dokumen","Supplier Menengah,","","Jawa Timur","ELEKTRIKAL, SUBKON ;","BG003"
"PT","GEO FONDASI MULTI KONSULTAN","Calon Rekanan Waskita Approved Level 1","Supplier Besar","","DKI Jakarta","CIVIL CHEMICAL, SUPPLIER","AR003"
"PT","INDORAYA NUSANTARA DJAYA","Unverified","Jasa Khusus Menengah dan Besar - Non Konstruksi","","DKI Jakarta","KONSULTAN MANAJEMEN & BISNIS","IN001"
"PT","SINAR PRANA SEMESTA","Rekanan Terseleksi Waskita","Sub Kontraktor Kecil dan Menengah","Sub Kontraktor : 100 High Risk (Version 3)","DKI Jakarta","SALURAN & DRAINASE, SUBKON ;","RK002"
"PT","JAYA ABADI TEKNIK","Rekanan Terdaftar","Sub Kontraktor Besar","Sub Kontraktor : 51 Medium Risk (Version 3)","Jawa Barat","KONSTRUKSI BAJA BUILDING, SUBKON","BS001"
"PT","SANPALA INTICON","Unverified","Supplier","Supplier : 55 Low Risk (Version 1)","DKI Jakarta","","PL003"
"PT","HAEMES MANDIRI SEJAHTERABANTA","Registered","Supplier Besar","","Jawa Timur","","PL004"
"CV","GUDANG GAJAH LESTARI","Calon Rekanan Waskita Approved Level 1","Sub Kontraktor Kecil dan Menengah","","Bali","KONSTRUKSI BANGUNAN HUNIAN / RUMAH / BANGUNAN BERTINGKAT, SUBKON","BG003"
"PT","CLIMINDO JAYA","Rekanan Terdaftar","Sub Kontraktor Kecil dan Menengah","Sub Kontraktor : 92 High Risk (Version 2), Supplier : 80 High Risk (Version 2)","DKI Jakarta","UTILITAS MECHANICAL ELECTRICAL ELECTRONIC PLUMBING / MEEP, SUBKON","BS002"
"CV","PIRANTI GEMILANG MANDIRI","Registered","Jasa Khusus Menengah dan Besar - Non Konstruksi","","Jawa Barat","","BS001"
"PT","CIPTA KARYA PARAMAYOGA","Blacklist","Supplier Menengah,","Sewa Alat : 73 High Risk (Version 3), Supplier : 70 High Risk (Version 3)","DKI Jakarta","AGREGAT & BATU PECAH / BELAH, SUPPLIER ;","BG006"
"CV","MEGANTARA AGUNG PERSADA","Calon Rekanan Waskita Approved Level 1","Sub Kontraktor Kecil dan Menengah","","Jawa Timur","KONSTRUKSI BANGUNAN HUNIAN / RUMAH / BANGUNAN BERTINGKAT, SUBKON","BG001"
"PT","DIRGANTARA YUDHA ARTHA","Unverified","Supplier Menengah","","DKI Jakarta","","BS001"
"PT","VINCA ROSIANA UTAMA","Calon Rekanan Waskita Approved Level 1","Supplier","","DKI Jakarta","Tidak diketahui","PB010"
"PT","ARGAMANIK DUTA ANTARI","Registered","Supplier Besar,","","Kep Riau","AGREGAT & BATU PECAH / BELAH, SUPPLIER ;","IN008"
"PT","PASSOKORANG","Unverified","Supplier","","Kep Riau","","BS001"
"PT","YUDHA PRATAMA","Unverified","Sub Kontraktor Besar","","Lampung","RELOKASI BANGUNAN EKSISTING, SUBKON","BS001"
"PT","MANDIRI BERKAH SETIA","Rekanan Terdaftar","Supplier Besar","Supplier : 45 Low Risk (Version 2)","DKI Jakarta","AGREGAT & BATU PECAH / BELAH, SUPPLIER ;","BS002"
"PT","SARANA JATI RAYA","Calon Rekanan Waskita Approved Level 1","Sub Kontraktor Kecil dan Menengah","","Jawa Barat","ERECTION GIRDER, SUBKON","BS001"
"PT","WAAGNER BIRO INDONESIA","Rekanan Terdaftar","Sub Kontraktor Kecil dan Menengah","Sub Kontraktor : 67 High Risk (Version 3)","DKI Jakarta","PLUMBING, SUBKON","KK016"
"PT","PT. BIMASAKTI SELULAR INDONESIA","Unverified","Supplier Besar","Supplier : 70 Medium Risk (Version 1)","Jawa Barat","","BS008"
"PT","WISWANI KHARYA MANDIRI","Rekanan Terdaftar","Sewa Alat","Sewa Alat : 81 High Risk (Version 3)","DKI Jakarta","EXCAVATOR & EXCAVATOR LONG ARM, SEWA","BG008"
"PT","SUMBER NUSANTARA ADITYA PRATAMA","Unverified","Supplier Menengah","","Lampung","","PL003"
"PT","MODECO INTI GROUP","Unverified","Supplier Menengah,","","DKI Jakarta","GALIAN & TIMBUNAN, SUBKON","BS001"
"PT","Viratama Satya","Unverified","Sub Kontraktor","","","","BS001"
"PT","PT CAHAYA TOTAL NUSANTARA","Rekanan Terdaftar","Supplier Besar","Supplier : 60 Medium Risk (Version 3)","DKI Jakarta","ALAT & MATERIAL BANTU PROYEK, SUPPLIER","BG009"
"PT","CHAIDAR","Rekanan Terdaftar","Konsultan Konstruksi","","DKI Jakarta","JASA KONSULTANSI JASA REKAYASA KONSTRUKSI, SUBKON ;","ST001"
"CV","LAKSANA MATRA SEDAYA","Registered","Supplier Menengah","","Banten","","PB004"
"Others (Foreign Company)","PT ALUMICA BORNEO NUSANTARA","Rekanan Terseleksi Waskita","Supplier Menengah,","Supplier : 45 Low Risk (Version 3)","DKI Jakarta","ALAT & MATERIAL BANTU PROYEK, SUPPLIER ;","BS001"
"PT","DUA SAUDARA JAYATEKNIK","Rekanan Terdaftar","Supplier Menengah","Supplier : 30 (Version 3)","DKI Jakarta","KONSULTAN MANAJEMEN & BISNIS ;","IN008"
"PT","MENARA EMAS GEMILANG","Unverified","Supplier Besar","","Banten","","KK001"
"CV","WISWAKHARMAN","Rekanan Terdaftar","Sub Kontraktor Kecil dan Menengah","Sub Kontraktor : 95 High Risk (Version 3)","DKI Jakarta","MARKA JALAN, SUBKON ;","AL001"
"PT","ASRI KEMASINDO","Rekanan Terdaftar","Jasa Khusus Menengah dan Besar - Non Konstruksi","Sub Kontraktor : 40 Low Risk (Version 3)","DKI Jakarta","EKSPEDISI / ANGKUTAN LAUT & SUNGAI, SUBKON","PL002"
"PT","FAS Sinergi Indonesia","Calon Rekanan Waskita Approved Level 1","Sub Kontraktor Besar","","DKI Jakarta","ASPAL & HOTMIX, SUBKON","BG003"
"PT","RICKY KENCANA SUKSES MANDIRI","Unverified","Sub Kontraktor","","Banten","","BS001"
"PT","SEJAHTERA MANDIRI DUARIBU DUA","Calon Rekanan Waskita Approved Level 1","Supplier Menengah","","DKI Jakarta","PIPA BLACKSTEEL & GALVANIS & VALVE FITTINGS, SUPPLIER","BG005"
"CV","LEMTEK KONSULTAN INDONESIA","Registered","Supplier Menengah","","Nusa Tenggara Timur","","AL002"
"PT","PATIGENI MITRA SEJATI","Unverified","Sewa Alat","","Jawa Tengah","BULLDOZER / DOZER, SEWA ;","IN007"
"PT","PIRAMID MAS PERDANA","Unverified","Supplier Menengah","","DKI Jakarta","","IN001"
"PT","ARGO SUKSES ABADI","Registered","Supplier Menengah","","Sumatera Utara","","IN002"
"PT","Cempaka Karunia","Unverified","Supplier","","Banten","","BG002"
"PT","SATYA CIPTA UTAMA","Unverified","Supplier Besar","","DKI Jakarta","BATU BRONJONG / GABION, SUPPLIER","BG001"
"PT","CAKRA PESONA INTI MEDIA","Unverified","Sub Kontraktor Kecil dan Menengah","","DKI Jakarta","","BS001"
"PT","UNITEST PRESISI INDONESIA","Unverified","Jasa Khusus Menengah dan Besar - Non Konstruksi","","Jawa Timur","","RK005"
"PT","RAHMA ISTANA SEJAHTERA","Unverified","Supplier","","DKI Jakarta","","IN004"
"PT","KRUENG MEUH","Unverified","Supplier Menengah,","","DKI Jakarta","PERALATAN PENGUKURAN & ALAT BANTU SURVEY, SUPPLIER","BS001"
"PT","ANUGERAH FONDASI INDONESIA","Rekanan Terdaftar","Sub Kontraktor Besar","Sub Kontraktor : 61 High Risk (Version 3), Supplier : 60 Low Risk (Version 1)","Lampung","ASPAL & HOTMIX, SUBKON ;","BG002"
"PT","Rayyan Jaya","Unverified","Supplier","","Kep Bangka Belitung","","BG001"
"PT","LINTANG KAHURIPAN","Unverified","Supplier Menengah","","DKI Jakarta","","BS004"
"PT","MULTI KARYA SENTOSA","Unverified","Sub Kontraktor","","DKI Jakarta","","ST007"
"","BUMI LINTAS RAYA","Unverified","Supplier","","Jawa Barat","","BS001"
"PT","HAKAASTON","Registered","Supplier Menengah","","Jawa Barat","","BS001"
"PT","Gading Semesta Utama","Unverified","Sewa Alat","","Jawa Tengah","","PL004"
"PT","DION BROTHERS","Unverified","Sub Kontraktor Kecil dan Menengah","","Jawa Timur","","BG006"
"PT","BUDI PERKASA ALAM","Calon Rekanan Waskita Approved Level 1","Sewa Alat","","DKI Jakarta","","IN004"
"PT","MIRA","Unverified","Supplier Besar","","DKI Jakarta","Tidak diketahui","BS012"
"PT","PILAR UNGGUL SEJAHTERA","Unverified","Sub Kontraktor","","Lampung","","BS001"
"PT","MULTI CITRA KSO","Rekanan Terdaftar","Jasa Khusus Menengah dan Besar - Non Konstruksi","","Jawa Barat","TEKNOLOGI INFORMASI / IT","BS002"
"CV","KAPUAS MUSI MADELYN","Registered","Jasa Khusus Menengah dan Besar - Non Konstruksi","","Sumatera Selatan","","PL003"
"CV","TIMUR PERKASA","Calon Rekanan Waskita Approved Level 1","Sub Kontraktor Kecil dan Menengah","","DKI Jakarta","GALIAN & TIMBUNAN, SUBKON ;","BS004"
"PT","UOLA PANDAWA SEJAHTERA","Rekanan Terdaftar","Sub Kontraktor Besar","Sub Kontraktor : 59 Medium Risk (Version 2)","DKI Jakarta","GALIAN & TIMBUNAN, SUBKON ;","IN001"
"CV","JACKING PILE PRATAMA","Rekanan Terseleksi Waskita","Supplier Menengah","Supplier : 60 Low Risk (Version 1)","Jawa Tengah","ALAT & MATERIAL BANTU PROYEK, SUPPLIER","KK001"
"PT","CV JUHD SHADIQ MAKMUR","Rekanan Terseleksi Waskita","Jasa Khusus Menengah dan Besar - Non Konstruksi","","DKI Jakarta","TEKNOLOGI INFORMASI / IT","BS004"
"PT","Bumi Beam Center","Unverified","Sewa Alat,","","Kalimantan Timur","Tidak diketahui","BG003"
"PT","WAKIDS MANDIRI","Unverified","Sub Kontraktor Kecil dan Menengah","","Sumatera Utara","AIR CONDITIONING / AC & FAN, SUPPLIER","BS001"
"PT","SUMBER NUSANTARA ADITYA PRATAMA","Unverified","Jasa Khusus Menengah dan Besar - Non Konstruksi","","DKI Jakarta","","PL003"
"PT","CV CIPTA PRIMA ENGINEERING","Registered","","","DI Aceh","","RK001"
"PT","SUN UTAMA KONSTRUKSI","Unverified","Supplier Besar,","","DKI Jakarta","RUBBER SPECIALIST, SUBKON ;","BS001"
"PT","JAYA SOLUSI CEMERLANG","Rekanan Terdaftar","Sub Kontraktor Kecil dan Menengah","Sub Kontraktor : 38 Low Risk (Version 3), Supplier : 65 Medium Risk (Version 1)","Jawa Barat","BEKISTING / FORMWORK INFRASTRUCTURE, SUBKON","BS009"
"PT","CIPTA MARGA MANDIRI","Unverified","Supplier Menengah","","Jawa Barat","ELECTRICAL PANELS ( HV , MV , LV ), SUPPLIER","BS009"
"CV","PRIMA PONDASI PERKASA","Unverified","Sub Kontraktor","","Kalimantan Tengah Ce","","KK001"
"CV","RAJA MUDA ABADI","Registered","Sub Kontraktor Kecil dan Menengah","","Jawa Timur","PAGAR PEMBATAS TOL / JALAN, SUBKON","BS016"
"PT","TATA KREASINDO JAYA","Rekanan Terdaftar","Supplier Menengah","Supplier : 63 Medium Risk (Version 1)","Banten","","BS008"
"PT","CV KING MAKMUR SENTOSA","Calon Rekanan Waskita Approved Level 1","Supplier","","Banten","","BG009"
"PT","JAYA MEGAH KENCANA","Rekanan Terseleksi Waskita","Jasa Khusus Menengah dan Besar - Non Konstruksi","","DKI Jakarta","KONSULTAN MANAJEMEN & BISNIS","BS005"
"PT","BANGKA CAKRA KARYA","Unverified","Sub Kontraktor Kecil dan Menengah","Sub Kontraktor : 50 Medium Risk (Version 3)","Jawa Barat","SANDWICH PANEL, SUBKON","BS002"
"PT","Daya Prima","Calon Rekanan Waskita Approved Level 1","Supplier Besar","","Jawa Barat","","BG002"
"PT","KARSA BUANA LESTARI","Registered","Sub Kontraktor Kecil dan Menengah","","Sulawesi Selatan","","RK005"
"PT","KOKOH SEMESTA","Registered","Sub Kontraktor Besar","","DKI Jakarta","","IN003"
"PT","MEGA KENCANA","Calon Rekanan Waskita Approved Level 1","Sewa Alat","Sewa Alat : 94 High Risk (Version 3)","DKI Jakarta","EXCAVATOR & EXCAVATOR LONG ARM, SEWA ;","BG002"
"CV","CAHAYA INTI CEMERLANG LAMPUNG","Registered","Supplier Menengah,","","Banten","","BS001"
"PT","CHALYSINDO CHATRA UTAMA","Rekanan Terdaftar","Supplier Menengah","Supplier : 80 High Risk (Version 3)","DKI Jakarta","BETON READY MIX, SUPPLIER","IT002"
"CV","SPECTRA ODELIA SHORAI","Registered","","","DI Aceh","","BS005"
"PT","WAHANA AGFA KREASI","Unverified","Supplier Menengah","","Jawa Barat","","BS001"
"PT","Miranila Abadi","Registered","Sub Kontraktor Kecil dan Menengah","","Jawa Barat","","KK012"
"PT","CIPTA ANDALAN PERSADA","Registered","Supplier Menengah,","","Kalimantan Timur","","RK001"
"CV","DINAMIKA SENTOSA RAYA","Rekanan Terdaftar","Sub Kontraktor Kecil dan Menengah","Sub Kontraktor : 47 Medium Risk (Version 2)","Jawa Timur","ACP / ALUMINIUM COMPOSITE PANEL, SUBKON ;","BS004"
"Persekutuan Perdata Lainnya","PUTRA PALOH","Unverified","Konsultan Konstruksi","","DKI Jakarta","HOTEL / PENGINAPAN ;","BS004"
"CV","SURYA SEJAHTERA PERKASA","Registered","","","DI Aceh","","BG006"
"PT","PT. KANE PERKASA INDONESIA","Unverified","Supplier","","","","PL003"
"PT","Struktur Pintar Indonesia","Rekanan Terdaftar","Sub Kontraktor Kecil dan Menengah","Sub Kontraktor : 31 Low Risk (Version 2)","Kep Riau","GALIAN & TIMBUNAN, SUBKON","BS008"
"PT","DWI UNGGUL ABADI","Registered","","","DI Aceh","","KK011"
"PT","Tiga Kurnia Sukses Makmurabadi","Registered","Supplier Menengah","","DKI Jakarta","","IN008"
"PT","CIGADING HABEAM CENTRE","Unverified","Supplier","","DKI Jakarta","","KK016"
"PT","DITA JAYA KONSTRUKSI","Rekanan Terdaftar","Sub Kontraktor Besar","Sub Kontraktor : 62 Medium Risk (Version 1)","DKI Jakarta","STRESSING, SUBKON","BS001"
"PT","SINAR SELARAS SAKTI","Rekanan Terdaftar","Perusahaan Mikro dan Kecil (Supplier dan Non-Konstruksi)","","DKI Jakarta","GENERAL CLEANING, SUBKON ;","BS001"
"PT","PANJI MULYO ASMORO","Rekanan Terdaftar","Supplier Besar","Supplier : 91 High Risk (Version 3)","DKI Jakarta","ALAT & MATERIAL BANTU PROYEK, SUPPLIER ;","ST001"
"Persekutuan Perdata Lainnya","Ersalindo Bangun Lestari","Rekanan Terdaftar","Perusahaan Mikro dan Kecil (Supplier dan Non-Konstruksi)","Supplier : 55 Low Risk (Version 1)","Bali","ATK / ALAT TULIS KANTOR, SUPPLIER","BG009"
"CV","YULIA INDAH","Unverified","Supplier","","Sumatera Utara","","BS001"
"PT","Sinergy Bersama Mandiri","Calon Rekanan Waskita Approved Level 1","Perusahaan Mikro dan Kecil (Supplier dan Non-Konstruksi)","","DKI Jakarta","TEKNOLOGI INFORMASI / IT","BS002"
"CV","MUTU JAYA KONSTRUKSI","Rekanan Unggul Waskita","Supplier Menengah","Supplier : 65 Medium Risk (Version 1)","DKI Jakarta","","BS002"
"PT","FREYSSINET TOTAL TECHNOLOGY","Registered","Supplier Besar","","DKI Jakarta","","BG002"
"CV","CND GEOTEKNIKA","Unverified","Sewa Alat","","Jambi","","PL003"
"PT","ROESLINA PONDASI INDONESIA","Unverified","Supplier Menengah","","Jawa Barat","PERALATAN KANTOR, SUPPLIER","KK001"
"PT","PT GROGOL SARANA TRANSJAYA","Registered","Supplier Menengah","","DKI Jakarta","ALAT & MATERIAL BANTU PROYEK, SUPPLIER ;","BS002"
"PT","BERBUNGA JAYA","Unverified","Konsultan Konstruksi","","DKI Jakarta","","BS001"
"PT","GLADIOL NUSATAMA","Unverified","Supplier","","DKI Jakarta","","RK002"
"PT","KHARISMA KILANG KENCANA","Unverified","Supplier Besar,","","Jawa Barat","INSTALASI GENSET, SUBKON","BS002"
"PT","BERKAT CITRANI MITRA SEJATI","Unverified","Supplier","","Kalimantan Timur","","IN008"
"PT","BAHTERA CIPTA ANUGRAH","Rekanan Terdaftar","Sub Kontraktor Besar","Sub Kontraktor : 82 High Risk (Version 3)","DKI Jakarta","ASPAL & HOTMIX, SUBKON ;","BG003"
"CV","WARNA SURYA KEMILAU","Unverified","Sewa Alat","","Riau","","BG001"
"PT","KARYA MAKMUR INTEGRA","Unverified","Supplier Menengah","Supplier : 100 High Risk (Version 3)","DKI Jakarta","KAYU, SUPPLIER","IN008"
"PT","JOWIN PRADANA SEJAHTERA","Rekanan Terdaftar","Supplier Menengah","Supplier : 45 Low Risk (Version 3)","Sulawesi Tengah","BAJA PROFIL, SUPPLIER","PL003"
"PT","KARSA PILAR KONTRUKSI","Rekanan Terdaftar","Sub Kontraktor Kecil dan Menengah","Sub Kontraktor : 52 Low Risk (Version 1), Supplier : 60 Low Risk (Version 1)","Jawa Barat","ELEKTRIKAL, SUBKON ;","BG002"
"PT","Maha Akbar Sejahtera","Registered","Sub Kontraktor Kecil dan Menengah","","DKI Jakarta","","BS009"
"PT","Pratama Motivasi Mandiri","Rekanan Terseleksi Waskita","Supplier Besar","Supplier : 38 Low Risk (Version 2)","DKI Jakarta","BAJA PROFIL, SUPPLIER","IN006"
"PT","PRIMA ARTISTIKA GRAHA","Unverified","Supplier Menengah","","DKI Jakarta","","PB003"
"PT","GLOBAL SOLUSI KONSULTAN","Rekanan Terdaftar","Supplier Menengah","Supplier : 40 Low Risk (Version 3)","Jawa Barat","FURNITURE, SUPPLIER","AR003"
"PT","BORLAND NUSANTARA","Unverified","Supplier Menengah","","Lampung","ALAT & MATERIAL BANTU PROYEK, SUPPLIER","KK001"
"PT","ANANDA PRATAMA","Rekanan Unggul Waskita","Sub Kontraktor Kecil dan Menengah","Sub Kontraktor : 90 High Risk (Version 3), Supplier : 75 High Risk (Version 3)","DKI Jakarta","ELEKTRIKAL, SUBKON ;","BS001"
"PT","DUTA PRATAMA ENGINEERING","Registered","Sub Kontraktor Besar","","DKI Jakarta","","RT002"
"CV","Gunanusa Utama Fabricators","Unverified","Supplier","","Kep Riau","","ST006"
"PT","TITIKUTAMA AGUNG","Rekanan Terdaftar","Supplier Besar,","Sub Kontraktor : 51 Low Risk (Version 1)","Kep Riau","PENGECATAN BANGUNAN, SUBKON ;","IT002"
"PT","BAHTERA AGUNG","Rekanan Terdaftar","Perusahaan Mikro dan Kecil (Supplier dan Non-Konstruksi)","Sub Kontraktor : 85 High Risk (Version 3)","DKI Jakarta","BEKISTING / FORMWORK INFRASTRUCTURE, SUBKON","BS001"
"PT","BAKRIE METAL INDUSTRIES","Unverified","Sub Kontraktor Kecil dan Menengah","","Sulawesi Tengah","Tidak diketahui","BS002"
"PT","EMPAT SAUDARA MULTI USAHA DINAMIKA","Rekanan Terdaftar","Supplier Menengah","Supplier : 60 Low Risk (Version 1)","DKI Jakarta","AGREGAT & BATU PECAH / BELAH, SUPPLIER ;","BS001"
"PT","ADIWARNA ANUGERAH ABADI TBK","Calon Rekanan Waskita","Perusahaan Mikro dan Kecil (Supplier dan Non-Konstruksi),","","DKI Jakarta","KONSULTAN MANAJEMEN & BISNIS","IN001"
"CV","SURYA MANUNGGAL KARYA","Calon Rekanan Waskita Approved Level 1","Sewa Alat","","Lampung","","BG009"
"PT","Eka Buana Davinka","Unverified","Sub Kontraktor Kecil dan Menengah","","Sumatera Utara","","IN011"
"CV","GLOBE ANUGRAH PERSADA","Rekanan Terdaftar","Supplier","Supplier : 65 Medium Risk (Version 1)","Jawa Barat","","IT003"
"CV","NIPPO TECH SEJAHTERA","Rekanan Terdaftar","Supplier Besar","Supplier : 65 Medium Risk (Version 1)","Jawa Timur","ALAT & MATERIAL BANTU PROYEK, SUPPLIER","PB004"
"PT","ROJO DJAYA PUTRA","Registered","Sub Kontraktor Kecil dan Menengah","","Banten","","BG007"
"PT","MITRA TATA ABADIBERSAMA","Calon Rekanan Waskita Approved Level 1","Supplier Besar","","DKI Jakarta","","PL004"
"PT","CAKRA BINA UTAMA","Unverified","Supplier Menengah,","Supplier : 65 High Risk (Version 3), Sewa Alat : 58 Medium Risk (Version 3)","Jawa Tengah","ALAT & MATERIAL BANTU PROYEK, SUPPLIER ;","IN007"
"PT","TRANSDATA SATKOMINDO","Calon Rekanan Waskita Approved Level 1","Supplier Menengah","","DKI Jakarta","WATER TANK, SUPPLIER","BS002"
"PT","BERKAT ABADI KONTRINDO","Unverified","Sub Kontraktor Kecil dan Menengah","Supplier : 40 Low Risk (Version 3), Sub Kontraktor : 31 Low Risk (Version 3)","DKI Jakarta","GALIAN & TIMBUNAN, SUBKON","BS004"
"PT","REKAYASA GEOTEKNIK INDONESIA","Unverified","Sub Kontraktor Kecil dan Menengah","","DKI Jakarta","DINDING PENAHAN TANAH / DPT, SUBKON ;","AT001"
"PT","ARTHA MEGA SERINDO KONSTRUKSI","Rekanan Terdaftar","Supplier Menengah","Supplier : 65 Medium Risk (Version 1)","DKI Jakarta","SPARE PART PERALATAN KONSTRUKSI, SUPPLIER","KK001"
"CV","Pradana Persada","Calon Rekanan Waskita Approved Level 1","Supplier Menengah,","","Sumatera Utara","ALAT & MATERIAL BANTU PROYEK, SUPPLIER ;","BG002"
"CV","NUSA INTI CEMERLANG","Registered","","","DI Aceh","","IN002"
"PT","PT NISCAYA SINERGI ASKALA","Unverified","Supplier Menengah","Supplier : 60 Low Risk (Version 1)","Sumatera Utara","AGREGAT & BATU PECAH / BELAH, SUPPLIER","BS010"
"PT","MEGAH ARTARA RAYA","Registered","Perusahaan Mikro dan Kecil (Supplier dan Non-Konstruksi)","","DKI Jakarta","PIPA BLACKSTEEL & GALVANIS & VALVE FITTINGS, SUPPLIER","BG006"
"PT","MULYA KARYA","Unverified","Supplier","","DKI Jakarta","AGREGAT & BATU PECAH / BELAH, SUPPLIER","BS001"
"PT","PRIMASTAR MANDIRI","Registered","Jasa Khusus Menengah dan Besar - Non Konstruksi","","Jawa Barat","","PB003"
"CV","ESTU JAYA KONSTRUKSI","Calon Rekanan Waskita Approved Level 1","Sewa Alat","","Sulawesi Selatan","","IN006"
"CV","TESAR F KARYA AMI","Registered","Supplier Besar","","Jawa Barat","","BS004"
"PT","ALUMINDO METAL SEJAHTERA","Calon Rekanan Waskita Approved Level 1","Supplier Menengah,","","Oe-Cusse AmbenoÂ (Pan","ALAT & MATERIAL BANTU PROYEK, SUPPLIER ;","BS001"
"PT","CITRAPRISMA MANDIRI","Registered","Sub Kontraktor Kecil dan Menengah","","DKI Jakarta","","BG001"
"PT","PT GRAHA SURVEI INDONESIA","Unverified","Supplier","","DKI Jakarta","","RK001"
"PT","GEMILANG AGUNG CEMERLANG","Registered","Supplier","","Kep Riau","","BG003"
"PT","WIJAYA KARYA BETON","Registered","Supplier Besar","","Sumatera Utara","","BS007"
"PT","AMANAH ANUGERAH MANDIRI","Unverified","Supplier","","Sumatera Barat West","","BS001"
"PT","SIGEAON INDAH MANDIRI","Registered","Sub Kontraktor Kecil dan Menengah","","DKI Jakarta","","BS001"
"PT","JASA TIRTA ENERGI","Rekanan Terdaftar","Sub Kontraktor Besar","Sub Kontraktor : 100 High Risk (Version 3)","DKI Jakarta","ELEKTRIKAL, SUBKON","KK001"
"PT","KEYSAH PERDANA","Registered","Supplier Menengah","","DKI Jakarta","SERAGAM","BS005"
"CV","YUDHA PRATAMA","Unverified","Sub Kontraktor","","Banten","","BS001"
"CV","TRIM PANDU ENGINEERING","Calon Rekanan Waskita Approved Level 1","Supplier Menengah,","","Jawa Tengah","ATK / ALAT TULIS KANTOR, SUPPLIER ;","BS001"
"PT","CARAKA PILAR KENCANA","Calon Rekanan Waskita","Perusahaan Mikro dan Kecil (Supplier dan Non-Konstruksi)","","Kalimantan Timur","AIR CONDITIONING / AC & FAN, SUPPLIER ;","BG009"
"PT","SAKA DARMA KONSTRUKSI","Unverified","Supplier Menengah","","DKI Jakarta","","BS004"
"CV","ANUGRAH PERTIWI KONTRINDO","Rekanan Terdaftar","Sub Kontraktor Kecil dan Menengah","Sub Kontraktor : 67 High Risk (Version 3)","DKI Jakarta","RAMBU LALU LINTAS, SUBKON","BS001"
"PT","SIPANDE BOSI","Rekanan Terdaftar","Supplier Menengah,","Sub Kontraktor : 81 High Risk (Version 3), Supplier : 65 High Risk (Version 3)","DKI Jakarta","AIR CONDITIONING / AC & FAN, SUPPLIER ;","BS004"
